ip,devicetype
10.128.138.8,SWITCH
10.128.138.9,SWITCH
10.128.138.10,SWITCH
10.128.138.11,SWITCH
10.128.138.12,SWITCH
10.128.138.13,SWITCH
10.128.138.14,SWITCH
10.128.138.15,SWITCH
10.128.130.208,ROUTER
10.128.130.209,ROUTER
10.128.130.196,SWITCH
10.128.130.197,SWITCH
10.128.130.198,SWITCH
10.128.130.199,SWITCH
10.128.141.131,SERVER
10.128.138.41,SWITCH
10.128.138.42,SWITCH
10.128.138.28,FIREWALL
10.128.138.29,FIREWALL
10.128.138.30,IPS
10.128.138.31,IPS
10.128.141.135,SERVER
10.128.141.138,SERVER
10.128.141.137,SERVER
10.128.141.136,SERVER
10.128.141.134,SERVER
10.128.141.133,SERVER
10.128.141.132,SERVER
10.128.138.32,ROUTER
10.128.138.33,ROUTER
10.128.0.26,BLOCK_ROUTER
10.131.0.102,BLOCK_UPS
10.128.28.1,GP_ROUTER
10.131.28.170,GP_UPS
10.128.28.2,GP_ROUTER
10.131.28.174,GP_UPS
10.128.28.4,GP_ROUTER
10.131.28.182,GP_UPS
10.128.28.6,GP_ROUTER
10.131.28.190,GP_UPS
10.128.28.8,GP_ROUTER
10.131.28.198,GP_UPS
10.128.28.11,GP_ROUTER
10.131.28.210,GP_UPS
10.128.28.12,GP_ROUTER
10.128.28.13,GP_ROUTER
10.131.28.218,GP_UPS
10.128.28.14,GP_ROUTER
10.128.28.15,GP_ROUTER
10.131.28.226,GP_UPS
10.128.28.16,GP_ROUTER
10.131.28.230,GP_UPS
10.128.28.17,GP_ROUTER
10.131.28.234,GP_UPS
10.128.28.18,GP_ROUTER
10.131.28.238,GP_UPS
10.128.28.20,GP_ROUTER
10.128.28.22,GP_ROUTER
10.131.28.254,GP_UPS
10.128.28.23,GP_ROUTER
10.131.29.2,GP_UPS
10.131.29.6,GP_UPS
10.128.28.28,GP_ROUTER
10.131.29.22,GP_UPS
10.128.28.29,GP_ROUTER
10.131.29.26,GP_UPS
10.128.28.30,GP_ROUTER
10.131.29.30,GP_UPS
10.131.29.34,GP_UPS
10.128.28.32,GP_ROUTER
10.131.29.38,GP_UPS
10.128.28.34,GP_ROUTER
10.131.29.46,GP_UPS
10.128.28.35,GP_ROUTER
10.131.29.50,GP_UPS
10.128.28.36,GP_ROUTER
10.131.29.54,GP_UPS
10.128.28.38,GP_ROUTER
10.131.29.62,GP_UPS
10.128.28.39,GP_ROUTER
10.131.96.42,GP_UPS
10.131.28.246,GP_UPS
10.128.130.20,SNOC_UPS
10.128.130.21,SNOC_UPS
fdb9:7ea5:6f77:0:10:128:78:43,GP_ROUTER
10.128.130.23,UNKNOWN
10.128.0.13,BLOCK_ROUTER
10.131.0.50,BLOCK_UPS
10.128.13.1,GP_ROUTER
10.131.13.218,GP_UPS
10.128.13.2,GP_ROUTER
10.131.13.222,GP_UPS
10.131.13.226,GP_UPS
10.128.13.4,GP_ROUTER
10.131.13.230,GP_UPS
10.128.13.5,GP_ROUTER
10.131.13.234,GP_UPS
10.128.13.6,GP_ROUTER
10.131.13.238,GP_UPS
10.128.13.7,GP_ROUTER
10.131.13.242,GP_UPS
10.128.13.8,GP_ROUTER
10.131.13.246,GP_UPS
10.128.13.9,GP_ROUTER
10.131.13.250,GP_UPS
10.128.13.11,GP_ROUTER
10.131.14.2,GP_UPS
10.128.13.12,GP_ROUTER
10.131.14.6,GP_UPS
10.128.13.13,GP_ROUTER
10.131.14.10,GP_UPS
10.128.13.14,GP_ROUTER
10.131.14.14,GP_UPS
10.128.13.15,GP_ROUTER
10.131.14.18,GP_UPS
10.128.13.16,GP_ROUTER
10.131.14.22,GP_UPS
10.128.13.17,GP_ROUTER
10.131.14.26,GP_UPS
10.128.13.55,GP_ROUTER
10.131.14.30,GP_UPS
10.128.13.18,GP_ROUTER
10.131.14.34,GP_UPS
10.128.13.19,GP_ROUTER
10.131.14.42,GP_UPS
10.128.13.20,GP_ROUTER
10.131.14.46,GP_UPS
10.128.13.21,GP_ROUTER
10.131.14.50,GP_UPS
10.128.13.22,GP_ROUTER
10.131.14.54,GP_UPS
10.128.13.32,GP_ROUTER
10.131.14.94,GP_UPS
10.128.13.23,GP_ROUTER
10.131.14.58,GP_UPS
10.128.13.24,GP_ROUTER
10.131.14.62,GP_UPS
10.128.13.25,GP_ROUTER
10.131.14.66,GP_UPS
10.128.13.27,GP_ROUTER
10.131.14.74,GP_UPS
10.128.13.28,GP_ROUTER
10.131.14.78,GP_UPS
10.128.13.29,GP_ROUTER
10.131.14.82,GP_UPS
10.128.13.30,GP_ROUTER
10.131.14.86,GP_UPS
10.128.13.33,GP_ROUTER
10.131.14.98,GP_UPS
10.128.13.34,GP_ROUTER
10.131.14.102,GP_UPS
10.128.13.35,GP_ROUTER
10.131.14.106,GP_UPS
10.128.13.36,GP_ROUTER
10.131.14.110,GP_UPS
10.128.13.37,GP_ROUTER
10.131.14.114,GP_UPS
10.128.13.38,GP_ROUTER
10.131.14.118,GP_UPS
10.128.13.39,GP_ROUTER
10.131.14.122,GP_UPS
10.128.13.40,GP_ROUTER
10.131.14.126,GP_UPS
10.128.13.41,GP_ROUTER
10.131.14.130,GP_UPS
10.128.13.42,GP_ROUTER
10.131.14.134,GP_UPS
10.128.13.43,GP_ROUTER
10.131.14.138,GP_UPS
10.128.13.44,GP_ROUTER
10.131.14.142,GP_UPS
10.128.13.45,GP_ROUTER
10.131.14.146,GP_UPS
10.128.13.46,GP_ROUTER
10.131.14.150,GP_UPS
10.128.13.47,GP_ROUTER
10.131.14.154,GP_UPS
10.128.13.49,GP_ROUTER
10.131.14.162,GP_UPS
10.128.13.57,GP_ROUTER
10.131.14.166,GP_UPS
10.128.13.50,GP_ROUTER
10.131.14.170,GP_UPS
10.128.13.58,GP_ROUTER
10.131.14.174,GP_UPS
10.128.13.51,GP_ROUTER
10.131.14.178,GP_UPS
10.128.13.52,GP_ROUTER
10.131.14.182,GP_UPS
10.128.13.53,GP_ROUTER
10.131.14.186,GP_UPS
10.128.13.54,GP_ROUTER
10.131.14.190,GP_UPS
10.128.13.59,GP_ROUTER
10.131.97.42,GP_UPS
10.128.0.49,BLOCK_ROUTER
10.131.0.194,BLOCK_UPS
10.128.53.1,GP_ROUTER
10.131.52.202,GP_UPS
10.128.53.2,GP_ROUTER
10.131.52.206,GP_UPS
10.128.54.16,GP_ROUTER
10.128.54.33,GP_ROUTER
10.131.54.6,GP_UPS
10.131.53.194,GP_UPS
10.128.53.3,GP_ROUTER
10.131.52.210,GP_UPS
10.128.53.6,GP_ROUTER
10.131.52.222,GP_UPS
10.128.54.35,GP_ROUTER
10.128.54.18,GP_ROUTER
10.131.54.14,GP_UPS
10.131.53.202,GP_UPS
10.128.0.50,BLOCK_ROUTER
10.131.0.198,BLOCK_UPS
10.128.53.7,GP_ROUTER
10.131.52.226,GP_UPS
10.128.54.36,GP_ROUTER
10.131.54.18,GP_UPS
10.128.54.19,GP_ROUTER
10.131.53.206,GP_UPS
10.128.54.1,GP_ROUTER
10.131.53.134,GP_UPS
10.128.53.9,GP_ROUTER
10.128.54.37,GP_ROUTER
10.131.52.234,GP_UPS
10.131.54.22,GP_UPS
10.128.54.2,GP_ROUTER
10.128.54.20,GP_ROUTER
10.131.53.210,GP_UPS
10.131.53.138,GP_UPS
10.128.54.38,GP_ROUTER
10.131.54.26,GP_UPS
10.128.53.10,GP_ROUTER
10.131.52.238,GP_UPS
10.128.54.21,GP_ROUTER
10.131.53.214,GP_UPS
10.128.54.3,GP_ROUTER
10.131.53.142,GP_UPS
10.128.54.39,GP_ROUTER
10.131.54.30,GP_UPS
10.128.53.14,GP_ROUTER
10.131.52.254,GP_UPS
10.128.54.22,GP_ROUTER
10.128.54.41,GP_ROUTER
10.128.54.4,GP_ROUTER
10.131.53.218,GP_UPS
10.131.54.38,GP_UPS
10.131.53.146,GP_UPS
10.128.53.15,GP_ROUTER
10.128.54.42,GP_ROUTER
10.131.53.2,GP_UPS
10.131.54.42,GP_UPS
10.128.54.23,GP_ROUTER
10.128.54.5,GP_ROUTER
10.131.53.222,GP_UPS
10.131.53.150,GP_UPS
10.128.54.43,GP_ROUTER
10.128.54.24,GP_ROUTER
10.131.54.46,GP_UPS
10.131.53.226,GP_UPS
10.128.53.18,GP_ROUTER
10.131.53.14,GP_UPS
10.128.54.44,GP_ROUTER
10.128.54.25,GP_ROUTER
10.131.54.50,GP_UPS
10.131.53.230,GP_UPS
10.128.54.45,GP_ROUTER
10.131.54.54,GP_UPS
10.128.53.24,GP_ROUTER
10.128.54.26,GP_ROUTER
10.131.53.38,GP_UPS
10.131.53.234,GP_UPS
10.128.54.6,GP_ROUTER
10.131.53.154,GP_UPS
10.128.54.46,GP_ROUTER
10.131.54.58,GP_UPS
10.128.54.28,GP_ROUTER
10.131.53.242,GP_UPS
10.128.54.47,GP_ROUTER
10.131.54.62,GP_UPS
10.128.54.7,GP_ROUTER
10.131.53.158,GP_UPS
10.128.53.26,GP_ROUTER
10.131.53.46,GP_UPS
10.128.54.29,GP_ROUTER
10.131.53.246,GP_UPS
10.128.54.48,GP_ROUTER
10.131.54.66,GP_UPS
10.128.54.30,GP_ROUTER
10.131.53.250,GP_UPS
10.128.53.27,GP_ROUTER
10.128.10.70,GP_ROUTER
10.131.53.50,GP_UPS
10.131.53.182,GP_UPS
10.128.54.8,GP_ROUTER
10.131.53.162,GP_UPS
10.128.54.31,GP_ROUTER
10.131.53.254,GP_UPS
10.128.54.32,GP_ROUTER
10.128.53.31,GP_ROUTER
10.131.53.66,GP_UPS
10.128.54.9,GP_ROUTER
10.131.54.2,GP_UPS
10.131.53.166,GP_UPS
10.128.54.10,GP_ROUTER
10.128.53.33,GP_ROUTER
10.131.53.170,GP_UPS
10.131.53.74,GP_UPS
10.128.54.11,GP_ROUTER
10.131.53.174,GP_UPS
10.128.54.12,GP_ROUTER
10.131.53.178,GP_UPS
10.128.53.35,GP_ROUTER
10.131.53.82,GP_UPS
10.128.53.36,GP_ROUTER
10.131.53.86,GP_UPS
10.128.54.14,GP_ROUTER
10.131.53.186,GP_UPS
10.128.54.15,GP_ROUTER
10.131.53.190,GP_UPS
10.128.53.39,GP_ROUTER
10.131.53.98,GP_UPS
10.128.53.41,GP_ROUTER
10.131.53.106,GP_UPS
10.128.53.42,GP_ROUTER
10.131.53.110,GP_UPS
10.131.132.82,RFDevice
10.128.53.43,GP_ROUTER
10.131.53.114,GP_UPS
10.131.132.83,RFDevice
10.131.132.84,RFDevice
10.131.132.98,RFDevice
10.131.132.99,RFDevice
10.128.53.45,GP_ROUTER
10.131.132.100,RFDevice
10.131.53.122,GP_UPS
10.128.53.47,GP_ROUTER
10.131.53.130,GP_UPS
10.131.132.86,RFDevice
10.131.132.87,RFDevice
10.131.132.88,RFDevice
10.131.132.102,RFDevice
10.131.132.103,RFDevice
10.131.132.104,RFDevice
10.131.131.214,RFDevice
10.131.131.215,RFDevice
10.131.131.216,RFDevice
10.128.13.60,GP_ROUTER
10.131.106.226,GP_UPS
10.128.13.61,GP_ROUTER
10.131.106.230,GP_UPS
10.128.0.85,BLOCK_ROUTER
10.131.1.82,BLOCK_UPS
10.128.94.14,GP_ROUTER
10.131.92.230,GP_UPS
10.128.94.2,GP_ROUTER
10.128.94.15,GP_ROUTER
10.131.92.182,GP_UPS
10.128.94.30,GP_ROUTER
10.131.92.234,GP_UPS
10.131.93.38,GP_UPS
10.128.94.31,GP_ROUTER
10.131.93.42,GP_UPS
10.128.94.16,GP_ROUTER
10.131.92.238,GP_UPS
10.128.94.32,GP_ROUTER
10.131.93.46,GP_UPS
10.128.94.3,GP_ROUTER
10.131.92.186,GP_UPS
10.128.94.17,GP_ROUTER
10.131.92.242,GP_UPS
10.128.94.33,GP_ROUTER
10.131.93.50,GP_UPS
10.128.94.4,GP_ROUTER
10.131.92.190,GP_UPS
10.128.94.18,GP_ROUTER
10.131.92.246,GP_UPS
10.128.94.35,GP_ROUTER
10.131.93.58,GP_UPS
10.128.94.5,GP_ROUTER
10.131.92.194,GP_UPS
10.128.94.19,GP_ROUTER
10.128.94.36,GP_ROUTER
10.131.93.62,GP_UPS
10.131.92.250,GP_UPS
10.128.94.37,GP_ROUTER
10.131.93.66,GP_UPS
10.128.94.20,GP_ROUTER
10.131.92.254,GP_UPS
10.128.94.6,GP_ROUTER
10.128.94.38,GP_ROUTER
10.131.92.198,GP_UPS
10.131.101.158,GP_UPS
10.128.94.22,GP_ROUTER
10.131.93.6,GP_UPS
10.128.94.39,GP_ROUTER
10.131.101.162,GP_UPS
10.128.94.24,GP_ROUTER
10.131.93.14,GP_UPS
10.128.94.40,GP_ROUTER
10.131.101.166,GP_UPS
10.128.94.25,GP_ROUTER
10.131.93.18,GP_UPS
10.128.94.7,GP_ROUTER
10.131.92.202,GP_UPS
10.128.94.42,GP_ROUTER
10.131.109.122,GP_UPS
10.128.94.27,GP_ROUTER
10.131.93.26,GP_UPS
10.128.94.8,GP_ROUTER
10.131.92.206,GP_UPS
10.128.94.28,GP_ROUTER
10.128.94.43,GP_ROUTER
10.128.94.10,GP_ROUTER
10.131.109.126,GP_UPS
10.131.92.214,GP_UPS
10.131.93.30,GP_UPS
10.128.94.11,GP_ROUTER
10.131.92.218,GP_UPS
10.128.94.41,GP_ROUTER
10.131.109.118,GP_UPS
10.128.11.1,GP_ROUTER
10.128.94.29,GP_ROUTER
10.131.93.34,GP_UPS
10.128.94.12,GP_ROUTER
10.131.92.222,GP_UPS
10.131.12.242,GP_UPS
10.128.94.13,GP_ROUTER
10.131.92.226,GP_UPS
10.128.11.2,GP_ROUTER
10.131.12.246,GP_UPS
10.128.11.3,GP_ROUTER
10.131.12.250,GP_UPS
10.128.11.5,GP_ROUTER
10.131.13.2,GP_UPS
10.128.11.7,GP_ROUTER
10.131.13.10,GP_UPS
10.128.11.20,GP_ROUTER
10.131.13.18,GP_UPS
10.128.11.9,GP_ROUTER
10.131.13.22,GP_UPS
10.128.11.10,GP_ROUTER
10.131.13.26,GP_UPS
10.128.11.11,GP_ROUTER
10.131.13.30,GP_UPS
10.128.11.12,GP_ROUTER
10.131.13.34,GP_UPS
10.128.11.13,GP_ROUTER
10.131.13.38,GP_UPS
10.128.11.14,GP_ROUTER
10.131.13.42,GP_UPS
10.128.11.15,GP_ROUTER
10.131.13.46,GP_UPS
10.128.11.16,GP_ROUTER
10.131.13.50,GP_UPS
10.128.11.17,GP_ROUTER
10.131.13.54,GP_UPS
10.128.11.18,GP_ROUTER
10.131.13.58,GP_UPS
10.128.11.19,GP_ROUTER
10.131.13.62,GP_UPS
10.128.11.21,GP_ROUTER
10.131.96.26,GP_UPS
10.128.11.22,GP_ROUTER
10.131.96.30,GP_UPS
10.128.11.23,GP_ROUTER
10.131.96.34,GP_UPS
10.128.11.24,GP_ROUTER
10.131.96.38,GP_UPS
10.128.11.6,GP_ROUTER
10.131.13.6,GP_UPS
10.128.0.11,BLOCK_ROUTER
10.131.0.42,BLOCK_UPS
10.128.92.14,GP_ROUTER
10.131.91.50,GP_UPS
10.128.92.29,GP_ROUTER
10.131.91.110,GP_UPS
10.128.92.15,GP_ROUTER
10.128.92.30,GP_ROUTER
10.131.91.54,GP_UPS
10.131.91.114,GP_UPS
10.128.92.31,GP_ROUTER
10.131.91.118,GP_UPS
10.128.92.16,GP_ROUTER
10.131.91.58,GP_UPS
10.128.92.32,GP_ROUTER
10.131.91.122,GP_UPS
10.128.92.17,GP_ROUTER
10.131.91.62,GP_UPS
10.128.92.33,GP_ROUTER
10.131.91.126,GP_UPS
10.128.92.42,GP_ROUTER
10.128.92.18,GP_ROUTER
10.131.91.162,GP_UPS
10.128.92.35,GP_ROUTER
10.131.91.66,GP_UPS
10.131.91.134,GP_UPS
10.128.92.36,GP_ROUTER
10.131.91.138,GP_UPS
10.128.92.20,GP_ROUTER
10.131.91.74,GP_UPS
10.128.92.43,GP_ROUTER
10.128.92.37,GP_ROUTER
10.131.91.166,GP_UPS
10.131.91.142,GP_UPS
10.128.92.21,GP_ROUTER
10.131.91.78,GP_UPS
10.128.92.38,GP_ROUTER
10.131.91.146,GP_UPS
10.128.92.22,GP_ROUTER
10.131.91.82,GP_UPS
10.128.92.39,GP_ROUTER
10.131.91.150,GP_UPS
10.128.92.44,GP_ROUTER
10.131.91.170,GP_UPS
10.128.92.23,GP_ROUTER
10.131.91.86,GP_UPS
10.128.92.40,GP_ROUTER
10.131.91.154,GP_UPS
10.128.92.25,GP_ROUTER
10.128.92.45,GP_ROUTER
10.131.91.94,GP_UPS
10.131.91.174,GP_UPS
10.128.92.41,GP_ROUTER
10.131.91.158,GP_UPS
10.128.0.83,BLOCK_ROUTER
10.128.92.26,GP_ROUTER
10.131.91.98,GP_UPS
10.131.1.74,BLOCK_UPS
10.128.92.27,GP_ROUTER
10.131.91.102,GP_UPS
10.128.92.1,GP_ROUTER
10.131.90.254,GP_UPS
10.128.92.46,GP_ROUTER
10.131.91.178,GP_UPS
10.128.92.2,GP_ROUTER
10.131.91.2,GP_UPS
10.128.92.47,GP_ROUTER
10.131.91.182,GP_UPS
10.128.92.3,GP_ROUTER
10.131.91.6,GP_UPS
10.128.92.4,GP_ROUTER
10.128.92.48,GP_ROUTER
10.131.101.134,GP_UPS
10.128.92.6,GP_ROUTER
10.131.91.18,GP_UPS
10.128.92.7,GP_ROUTER
10.128.92.49,GP_ROUTER
10.131.101.138,GP_UPS
10.131.91.22,GP_UPS
10.128.92.9,GP_ROUTER
10.131.91.30,GP_UPS
10.128.92.50,GP_ROUTER
10.131.101.142,GP_UPS
10.128.92.10,GP_ROUTER
10.131.91.34,GP_UPS
10.128.92.11,GP_ROUTER
10.131.91.38,GP_UPS
10.128.92.51,GP_ROUTER
10.131.101.146,GP_UPS
10.131.91.10,GP_UPS
10.128.92.52,GP_ROUTER
10.131.101.150,GP_UPS
10.128.92.12,GP_ROUTER
10.131.91.42,GP_UPS
10.128.92.13,GP_ROUTER
10.131.91.46,GP_UPS
10.128.92.53,GP_ROUTER
10.131.101.154,GP_UPS
10.128.0.10,BLOCK_ROUTER
10.131.0.38,BLOCK_UPS
10.128.10.6,GP_ROUTER
10.131.11.246,GP_UPS
10.128.10.4,GP_ROUTER
10.131.11.238,GP_UPS
10.128.0.84,BLOCK_ROUTER
10.131.1.78,BLOCK_UPS
10.128.93.52,GP_ROUTER
10.131.92.134,GP_UPS
10.128.93.32,GP_ROUTER
10.131.92.54,GP_UPS
10.128.93.10,GP_ROUTER
10.131.91.222,GP_UPS
10.128.10.26,GP_ROUTER
10.131.12.78,GP_UPS
10.128.10.8,GP_ROUTER
10.131.11.254,GP_UPS
10.128.93.26,GP_ROUTER
10.131.92.30,GP_UPS
10.128.10.1,GP_ROUTER
10.131.11.226,GP_UPS
10.128.10.30,GP_ROUTER
10.131.12.94,GP_UPS
10.128.10.20,GP_ROUTER
10.131.12.54,GP_UPS
10.128.10.15,GP_ROUTER
10.131.12.34,GP_UPS
10.128.0.48,BLOCK_ROUTER
10.128.10.60,GP_ROUTER
10.131.12.214,GP_UPS
10.131.0.190,BLOCK_UPS
10.128.52.12,GP_ROUTER
10.131.52.38,GP_UPS
10.128.10.33,GP_ROUTER
10.131.12.106,GP_UPS
10.128.52.29,GP_ROUTER
10.131.52.106,GP_UPS
10.128.93.33,GP_ROUTER
10.131.92.58,GP_UPS
10.128.52.28,GP_ROUTER
10.131.52.102,GP_UPS
10.128.10.58,GP_ROUTER
10.131.12.206,GP_UPS
10.128.10.64,GP_ROUTER
10.131.12.230,GP_UPS
10.128.52.32,GP_ROUTER
10.131.52.118,GP_UPS
10.128.93.1,GP_ROUTER
10.131.91.186,GP_UPS
10.128.10.55,GP_ROUTER
10.131.12.194,GP_UPS
10.128.52.11,GP_ROUTER
10.131.52.34,GP_UPS
10.128.10.25,GP_ROUTER
10.131.12.74,GP_UPS
10.128.10.39,GP_ROUTER
10.128.93.54,GP_ROUTER
10.131.12.130,GP_UPS
10.131.92.142,GP_UPS
10.128.93.12,GP_ROUTER
10.128.10.10,GP_ROUTER
10.131.12.10,GP_UPS
10.128.10.49,GP_ROUTER
10.131.91.230,GP_UPS
10.131.12.170,GP_UPS
10.128.10.44,GP_ROUTER
10.131.12.150,GP_UPS
10.128.93.49,GP_ROUTER
10.131.92.122,GP_UPS
10.128.52.39,GP_ROUTER
10.131.52.146,GP_UPS
10.128.10.9,GP_ROUTER
10.128.10.13,GP_ROUTER
10.128.93.11,GP_ROUTER
10.131.12.2,GP_UPS
10.131.91.226,GP_UPS
10.131.12.26,GP_UPS
10.128.52.18,GP_ROUTER
10.131.52.62,GP_UPS
10.128.93.18,GP_ROUTER
10.128.10.35,GP_ROUTER
10.131.91.254,GP_UPS
10.131.12.114,GP_UPS
10.128.52.23,GP_ROUTER
10.131.52.82,GP_UPS
10.128.10.16,GP_ROUTER
10.131.11.250,GP_UPS
10.128.93.14,GP_ROUTER
10.131.91.238,GP_UPS
10.128.52.20,GP_ROUTER
10.131.52.70,GP_UPS
10.128.10.7,GP_ROUTER
10.128.10.54,GP_ROUTER
10.128.52.14,GP_ROUTER
10.131.12.190,GP_UPS
10.131.52.46,GP_UPS
10.128.93.40,GP_ROUTER
10.128.10.27,GP_ROUTER
10.131.92.86,GP_UPS
10.131.12.82,GP_UPS
10.128.52.40,GP_ROUTER
10.131.52.150,GP_UPS
10.131.12.38,GP_UPS
10.128.93.15,GP_ROUTER
10.128.10.21,GP_ROUTER
10.131.12.58,GP_UPS
10.131.91.242,GP_UPS
10.128.52.8,GP_ROUTER
10.128.10.5,GP_ROUTER
10.131.52.22,GP_UPS
10.131.11.242,GP_UPS
10.128.93.29,GP_ROUTER
10.131.92.42,GP_UPS
10.128.10.51,GP_ROUTER
10.131.12.178,GP_UPS
10.128.10.63,GP_ROUTER
10.128.93.17,GP_ROUTER
10.131.12.226,GP_UPS
10.131.91.250,GP_UPS
10.128.10.48,GP_ROUTER
10.128.52.6,GP_ROUTER
10.131.12.166,GP_UPS
10.131.52.14,GP_UPS
10.128.10.41,GP_ROUTER
10.131.12.138,GP_UPS
10.128.93.58,GP_ROUTER
10.131.92.158,GP_UPS
10.128.52.21,GP_ROUTER
10.131.52.74,GP_UPS
10.128.10.34,GP_ROUTER
10.131.12.110,GP_UPS
10.128.52.2,GP_ROUTER
10.128.10.65,GP_ROUTER
10.131.51.254,GP_UPS
10.131.12.234,GP_UPS
10.128.10.59,GP_ROUTER
10.131.12.210,GP_UPS
10.128.52.16,GP_ROUTER
10.131.52.54,GP_UPS
10.128.10.12,GP_ROUTER
10.131.12.22,GP_UPS
10.128.10.29,GP_ROUTER
10.131.12.90,GP_UPS
10.128.52.9,GP_ROUTER
10.131.52.26,GP_UPS
10.128.10.57,GP_ROUTER
10.131.12.202,GP_UPS
10.128.93.4,GP_ROUTER
10.131.91.198,GP_UPS
10.128.93.38,GP_ROUTER
10.131.92.78,GP_UPS
10.128.10.52,GP_ROUTER
10.131.12.182,GP_UPS
10.128.93.30,GP_ROUTER
10.131.92.46,GP_UPS
10.128.52.63,GP_ROUTER
10.131.95.182,GP_UPS
10.128.10.56,GP_ROUTER
10.128.93.57,GP_ROUTER
10.128.52.22,GP_ROUTER
10.131.52.78,GP_UPS
10.131.12.198,GP_UPS
10.131.92.154,GP_UPS
10.128.93.41,GP_ROUTER
10.131.92.90,GP_UPS
10.128.52.17,GP_ROUTER
10.131.52.58,GP_UPS
10.128.52.44,GP_ROUTER
10.128.93.48,GP_ROUTER
10.131.52.166,GP_UPS
10.131.92.118,GP_UPS
10.128.10.19,GP_ROUTER
10.131.12.50,GP_UPS
10.128.93.66,GP_ROUTER
10.128.93.6,GP_ROUTER
10.128.93.36,GP_ROUTER
10.131.109.106,GP_UPS
10.131.91.206,GP_UPS
10.131.92.70,GP_UPS
10.128.52.4,GP_ROUTER
10.131.52.6,GP_UPS
10.128.93.50,GP_ROUTER
10.131.92.126,GP_UPS
10.128.10.28,GP_ROUTER
10.128.93.53,GP_ROUTER
10.131.12.86,GP_UPS
10.131.92.138,GP_UPS
10.128.10.45,GP_ROUTER
10.128.93.9,GP_ROUTER
10.131.12.154,GP_UPS
10.131.91.218,GP_UPS
10.128.10.11,GP_ROUTER
10.128.93.65,GP_ROUTER
10.131.12.14,GP_UPS
10.131.109.102,GP_UPS
10.128.10.2,GP_ROUTER
10.131.11.230,GP_UPS
10.128.93.61,GP_ROUTER
10.131.92.170,GP_UPS
10.128.10.67,GP_ROUTER
10.131.12.6,GP_UPS
10.128.52.15,GP_ROUTER
10.128.10.46,GP_ROUTER
10.131.12.158,GP_UPS
10.128.93.25,GP_ROUTER
10.131.52.50,GP_UPS
10.128.93.2,GP_ROUTER
10.131.92.26,GP_UPS
10.131.91.190,GP_UPS
10.128.10.18,GP_ROUTER
10.128.52.60,GP_ROUTER
10.131.95.170,GP_UPS
10.131.12.46,GP_UPS
10.128.10.50,GP_ROUTER
10.128.93.22,GP_ROUTER
10.131.12.174,GP_UPS
10.131.92.14,GP_UPS
10.128.52.26,GP_ROUTER
10.131.52.94,GP_UPS
10.128.10.36,GP_ROUTER
10.128.10.47,GP_ROUTER
10.128.93.28,GP_ROUTER
10.131.12.118,GP_UPS
10.131.92.38,GP_UPS
10.131.12.162,GP_UPS
10.128.52.5,GP_ROUTER
10.131.52.10,GP_UPS
10.128.93.16,GP_ROUTER
10.131.91.246,GP_UPS
10.128.52.51,GP_ROUTER
10.131.52.194,GP_UPS
10.128.10.38,GP_ROUTER
10.128.93.60,GP_ROUTER
10.131.12.126,GP_UPS
10.131.92.166,GP_UPS
10.128.10.37,GP_ROUTER
10.131.12.122,GP_UPS
10.128.52.31,GP_ROUTER
10.131.52.114,GP_UPS
10.128.10.32,GP_ROUTER
10.131.12.102,GP_UPS
10.128.52.24,GP_ROUTER
10.131.52.86,GP_UPS
10.128.93.45,GP_ROUTER
10.131.92.106,GP_UPS
10.128.10.24,GP_ROUTER
10.128.52.3,GP_ROUTER
10.131.12.70,GP_UPS
10.131.52.2,GP_UPS
10.128.93.19,GP_ROUTER
10.128.10.43,GP_ROUTER
10.131.92.2,GP_UPS
10.131.12.146,GP_UPS
10.128.10.22,GP_ROUTER
10.128.52.10,GP_ROUTER
10.131.12.62,GP_UPS
10.131.52.30,GP_UPS
10.128.10.3,GP_ROUTER
10.128.10.23,GP_ROUTER
10.131.11.234,GP_UPS
10.131.12.66,GP_UPS
10.128.52.46,GP_ROUTER
10.131.52.174,GP_UPS
10.128.10.69,GP_ROUTER
10.128.10.40,GP_ROUTER
10.131.12.134,GP_UPS
10.128.93.68,GP_ROUTER
10.131.97.38,GP_UPS
10.131.109.114,GP_UPS
10.128.10.66,GP_ROUTER
10.131.12.238,GP_UPS
10.128.10.31,GP_ROUTER
10.128.93.59,GP_ROUTER
10.131.92.162,GP_UPS
10.128.10.62,GP_ROUTER
10.131.12.222,GP_UPS
10.128.10.61,GP_ROUTER
10.131.12.218,GP_UPS
10.128.93.7,GP_ROUTER
10.131.91.210,GP_UPS
10.128.93.35,GP_ROUTER
10.131.92.66,GP_UPS
10.128.93.39,GP_ROUTER
10.128.93.63,GP_ROUTER
10.131.92.82,GP_UPS
10.131.98.42,GP_UPS
10.128.10.71,GP_ROUTER
10.131.103.254,GP_UPS
10.128.52.58,GP_ROUTER
10.131.95.162,GP_UPS
10.131.12.98,GP_UPS
10.128.52.56,GP_ROUTER
10.131.95.154,GP_UPS
10.128.93.3,GP_ROUTER
10.131.91.194,GP_UPS
10.128.52.53,GP_ROUTER
10.131.95.142,GP_UPS
10.128.93.56,GP_ROUTER
10.131.92.150,GP_UPS
10.128.93.5,GP_ROUTER
10.131.91.202,GP_UPS
10.128.93.47,GP_ROUTER
10.131.92.114,GP_UPS
10.128.93.46,GP_ROUTER
10.128.93.13,GP_ROUTER
10.131.92.110,GP_UPS
10.131.91.234,GP_UPS
10.128.93.37,GP_ROUTER
10.131.92.74,GP_UPS
10.128.93.64,GP_ROUTER
10.131.109.98,GP_UPS
10.128.93.24,GP_ROUTER
10.128.52.61,GP_ROUTER
10.131.95.174,GP_UPS
10.131.92.22,GP_UPS
10.128.52.34,GP_ROUTER
10.131.52.126,GP_UPS
10.128.93.67,GP_ROUTER
10.128.93.62,GP_ROUTER
10.131.109.110,GP_UPS
10.128.52.25,GP_ROUTER
10.131.92.174,GP_UPS
10.131.52.90,GP_UPS
10.128.93.21,GP_ROUTER
10.128.52.13,GP_ROUTER
10.131.52.42,GP_UPS
10.131.92.10,GP_UPS
10.128.93.20,GP_ROUTER
10.128.52.36,GP_ROUTER
10.131.92.6,GP_UPS
10.131.52.134,GP_UPS
10.128.52.49,GP_ROUTER
10.128.93.43,GP_ROUTER
10.131.92.98,GP_UPS
10.131.52.186,GP_UPS
10.128.52.30,GP_ROUTER
10.131.52.110,GP_UPS
10.128.93.27,GP_ROUTER
10.128.93.34,GP_ROUTER
10.131.92.34,GP_UPS
10.131.92.62,GP_UPS
10.128.52.37,GP_ROUTER
10.131.52.138,GP_UPS
10.128.52.65,GP_ROUTER
10.131.95.190,GP_UPS
10.128.52.45,GP_ROUTER
10.131.52.170,GP_UPS
10.128.93.51,GP_ROUTER
10.131.92.130,GP_UPS
10.128.52.41,GP_ROUTER
10.131.52.154,GP_UPS
10.128.93.42,GP_ROUTER
10.131.92.94,GP_UPS
10.128.52.47,GP_ROUTER
10.131.52.178,GP_UPS
10.128.52.50,GP_ROUTER
10.131.52.190,GP_UPS
10.128.52.27,GP_ROUTER
10.131.52.98,GP_UPS
10.128.52.59,GP_ROUTER
10.131.95.166,GP_UPS
10.128.93.44,GP_ROUTER
10.128.52.62,GP_ROUTER
10.131.92.102,GP_UPS
10.131.95.178,GP_UPS
10.128.52.33,GP_ROUTER
10.131.52.122,GP_UPS
10.128.52.48,GP_ROUTER
10.131.52.182,GP_UPS
10.128.52.7,GP_ROUTER
10.131.52.18,GP_UPS
10.128.52.19,GP_ROUTER
10.131.52.66,GP_UPS
10.128.0.87,BLOCK_ROUTER
10.131.1.90,BLOCK_UPS
10.128.52.42,GP_ROUTER
10.131.52.158,GP_UPS
10.128.52.35,GP_ROUTER
10.131.52.130,GP_UPS
10.128.52.1,GP_ROUTER
10.131.51.250,GP_UPS
10.128.52.64,GP_ROUTER
10.128.96.11,GP_ROUTER
10.131.95.186,GP_UPS
10.131.94.122,GP_UPS
10.128.52.54,GP_ROUTER
10.131.95.146,GP_UPS
10.128.96.68,GP_ROUTER
10.131.95.94,GP_UPS
10.128.95.11,GP_ROUTER
10.131.93.110,GP_UPS
10.128.95.60,GP_ROUTER
10.131.94.50,GP_UPS
10.128.95.59,GP_ROUTER
10.131.94.46,GP_UPS
10.128.96.86,GP_ROUTER
10.131.101.194,GP_UPS
10.128.96.49,GP_ROUTER
10.128.96.80,GP_ROUTER
10.131.95.18,GP_UPS
10.131.101.170,GP_UPS
10.128.96.82,GP_ROUTER
10.128.96.9,GP_ROUTER
10.128.52.57,GP_ROUTER
10.128.95.13,GP_ROUTER
10.131.101.178,GP_UPS
10.131.95.158,GP_UPS
10.131.93.118,GP_UPS
10.131.94.114,GP_UPS
10.128.52.55,GP_ROUTER
10.131.95.150,GP_UPS
10.128.95.8,GP_ROUTER
10.131.93.98,GP_UPS
10.131.95.50,GP_UPS
10.128.96.53,GP_ROUTER
10.128.95.53,GP_ROUTER
10.131.94.22,GP_UPS
10.131.95.34,GP_UPS
10.128.93.69,GP_ROUTER
10.131.106.126,GP_UPS
10.128.95.46,GP_ROUTER
10.131.93.250,GP_UPS
10.128.95.31,GP_ROUTER
10.128.96.57,GP_ROUTER
10.131.93.190,GP_UPS
10.128.96.55,GP_ROUTER
10.131.95.42,GP_UPS
10.128.95.35,GP_ROUTER
10.131.93.206,GP_UPS
10.128.96.52,GP_ROUTER
10.131.95.30,GP_UPS
10.128.95.7,GP_ROUTER
10.131.93.94,GP_UPS
10.128.95.47,GP_ROUTER
10.131.93.254,GP_UPS
10.128.95.41,GP_ROUTER
10.131.93.230,GP_UPS
10.128.95.62,GP_ROUTER
10.128.96.38,GP_ROUTER
10.128.96.71,GP_ROUTER
10.131.94.58,GP_UPS
10.131.95.106,GP_UPS
10.131.94.230,GP_UPS
10.128.95.12,GP_ROUTER
10.131.93.114,GP_UPS
10.128.96.4,GP_ROUTER
10.128.95.6,GP_ROUTER
10.131.93.90,GP_UPS
10.131.94.94,GP_UPS
10.128.96.26,GP_ROUTER
10.131.94.182,GP_UPS
10.128.96.34,GP_ROUTER
10.131.94.214,GP_UPS
10.128.95.25,GP_ROUTER
10.128.0.86,BLOCK_ROUTER
10.131.93.166,GP_UPS
10.131.1.86,BLOCK_UPS
10.128.95.33,GP_ROUTER
10.131.93.198,GP_UPS
10.128.95.24,GP_ROUTER
10.131.93.162,GP_UPS
10.128.96.12,GP_ROUTER
10.131.94.126,GP_UPS
10.128.95.28,GP_ROUTER
10.128.95.66,GP_ROUTER
10.131.93.178,GP_UPS
10.131.94.74,GP_UPS
10.128.96.22,GP_ROUTER
10.131.94.166,GP_UPS
10.128.95.9,GP_ROUTER
10.128.96.56,GP_ROUTER
10.131.93.102,GP_UPS
10.131.95.46,GP_UPS
10.128.96.28,GP_ROUTER
10.128.96.31,GP_ROUTER
10.131.94.190,GP_UPS
10.131.94.202,GP_UPS
10.128.95.49,GP_ROUTER
10.131.94.6,GP_UPS
10.128.95.22,GP_ROUTER
10.131.93.154,GP_UPS
10.128.95.55,GP_ROUTER
10.131.94.30,GP_UPS
10.128.96.5,GP_ROUTER
10.128.96.64,GP_ROUTER
10.128.95.15,GP_ROUTER
10.131.94.98,GP_UPS
10.131.93.126,GP_UPS
10.131.95.78,GP_UPS
10.128.95.4,GP_ROUTER
10.131.93.82,GP_UPS
10.128.95.14,GP_ROUTER
10.131.93.122,GP_UPS
10.128.95.17,GP_ROUTER
10.131.93.134,GP_UPS
10.128.95.32,GP_ROUTER
10.131.93.194,GP_UPS
10.128.96.30,GP_ROUTER
10.128.96.81,GP_ROUTER
10.128.95.16,GP_ROUTER
10.131.101.174,GP_UPS
10.131.94.198,GP_UPS
10.131.93.130,GP_UPS
10.128.95.34,GP_ROUTER
10.128.96.24,GP_ROUTER
10.131.93.202,GP_UPS
10.131.94.174,GP_UPS
10.128.96.25,GP_ROUTER
10.128.95.48,GP_ROUTER
10.131.94.178,GP_UPS
10.128.95.36,GP_ROUTER
10.131.94.2,GP_UPS
10.131.93.210,GP_UPS
10.128.95.26,GP_ROUTER
10.131.93.170,GP_UPS
10.128.95.54,GP_ROUTER
10.131.94.26,GP_UPS
10.128.96.36,GP_ROUTER
10.128.95.38,GP_ROUTER
10.128.96.75,GP_ROUTER
10.131.94.222,GP_UPS
10.128.95.2,GP_ROUTER
10.131.93.218,GP_UPS
10.131.93.74,GP_UPS
10.131.95.122,GP_UPS
10.128.95.37,GP_ROUTER
10.131.93.214,GP_UPS
10.128.95.61,GP_ROUTER
10.131.94.54,GP_UPS
10.128.96.41,GP_ROUTER
10.131.94.242,GP_UPS
10.128.96.44,GP_ROUTER
10.131.94.254,GP_UPS
10.128.95.43,GP_ROUTER
10.131.93.238,GP_UPS
10.128.95.65,GP_ROUTER
10.131.94.70,GP_UPS
10.128.95.63,GP_ROUTER
10.131.94.62,GP_UPS
10.128.95.50,GP_ROUTER
10.128.96.15,GP_ROUTER
10.131.94.10,GP_UPS
10.128.96.74,GP_ROUTER
10.131.94.138,GP_UPS
10.128.95.58,GP_ROUTER
10.131.95.118,GP_UPS
10.131.94.42,GP_UPS
10.128.95.21,GP_ROUTER
10.131.93.150,GP_UPS
10.128.95.10,GP_ROUTER
10.131.93.106,GP_UPS
10.128.96.60,GP_ROUTER
10.131.95.62,GP_UPS
10.128.95.23,GP_ROUTER
10.128.95.44,GP_ROUTER
10.131.93.158,GP_UPS
10.131.93.242,GP_UPS
10.128.96.84,GP_ROUTER
10.128.95.19,GP_ROUTER
10.131.101.186,GP_UPS
10.131.93.142,GP_UPS
10.128.95.40,GP_ROUTER
10.128.95.45,GP_ROUTER
10.131.93.226,GP_UPS
10.128.96.6,GP_ROUTER
10.131.93.246,GP_UPS
10.131.94.102,GP_UPS
10.128.96.87,GP_ROUTER
10.128.95.67,GP_ROUTER
10.128.95.30,GP_ROUTER
10.131.94.78,GP_UPS
10.131.101.198,GP_UPS
10.128.95.51,GP_ROUTER
10.131.93.186,GP_UPS
10.131.94.14,GP_UPS
10.128.95.18,GP_ROUTER
10.128.96.23,GP_ROUTER
10.131.93.138,GP_UPS
10.131.94.170,GP_UPS
10.128.96.8,GP_ROUTER
10.131.94.110,GP_UPS
10.128.95.27,GP_ROUTER
10.128.95.42,GP_ROUTER
10.131.93.174,GP_UPS
10.131.93.234,GP_UPS
10.128.95.56,GP_ROUTER
10.131.94.34,GP_UPS
10.128.95.20,GP_ROUTER
10.131.93.146,GP_UPS
10.128.96.61,GP_ROUTER
10.131.95.66,GP_UPS
10.128.95.68,GP_ROUTER
10.128.95.5,GP_ROUTER
10.128.95.3,GP_ROUTER
10.131.106.122,GP_UPS
10.131.93.78,GP_UPS
10.128.96.13,GP_ROUTER
10.131.93.86,GP_UPS
10.131.94.130,GP_UPS
10.128.96.54,GP_ROUTER
10.131.95.38,GP_UPS
10.128.95.1,GP_ROUTER
10.128.95.29,GP_ROUTER
10.131.93.70,GP_UPS
10.131.93.182,GP_UPS
10.128.95.39,GP_ROUTER
10.131.93.222,GP_UPS
10.128.96.73,GP_ROUTER
10.131.95.114,GP_UPS
10.128.96.50,GP_ROUTER
10.131.95.22,GP_UPS
10.128.96.37,GP_ROUTER
10.131.94.226,GP_UPS
10.128.96.42,GP_ROUTER
10.131.94.246,GP_UPS
10.128.96.85,GP_ROUTER
10.131.101.190,GP_UPS
10.128.96.1,GP_ROUTER
10.131.94.82,GP_UPS
10.128.96.7,GP_ROUTER
10.131.94.106,GP_UPS
10.128.96.79,GP_ROUTER
10.131.95.138,GP_UPS
10.128.96.18,GP_ROUTER
10.131.94.150,GP_UPS
10.128.96.58,GP_ROUTER
10.131.95.54,GP_UPS
10.128.96.35,GP_ROUTER
10.131.94.218,GP_UPS
10.128.96.77,GP_ROUTER
10.131.95.130,GP_UPS
10.128.96.76,GP_ROUTER
10.131.95.126,GP_UPS
10.128.96.14,GP_ROUTER
10.131.94.134,GP_UPS
10.128.96.10,GP_ROUTER
10.131.94.118,GP_UPS
10.128.96.63,GP_ROUTER
10.131.95.74,GP_UPS
10.128.96.66,GP_ROUTER
10.131.95.86,GP_UPS
10.128.96.45,GP_ROUTER
10.131.95.2,GP_UPS
10.128.96.21,GP_ROUTER
10.131.94.162,GP_UPS
10.128.96.2,GP_ROUTER
10.131.94.86,GP_UPS
10.128.96.47,GP_ROUTER
10.131.95.10,GP_UPS
10.128.96.88,GP_ROUTER
10.131.101.202,GP_UPS
10.128.96.78,GP_ROUTER
10.131.95.134,GP_UPS
10.128.96.20,GP_ROUTER
10.131.94.158,GP_UPS
10.128.96.33,GP_ROUTER
10.131.94.210,GP_UPS
10.128.96.70,GP_ROUTER
10.131.95.102,GP_UPS
10.128.96.69,GP_ROUTER
10.131.95.98,GP_UPS
10.128.96.51,GP_ROUTER
10.131.95.26,GP_UPS
10.128.96.32,GP_ROUTER
10.131.94.206,GP_UPS
10.128.82.9,GP_ROUTER
10.131.84.194,GP_UPS
10.128.96.19,GP_ROUTER
10.128.96.83,GP_ROUTER
10.128.0.75,BLOCK_ROUTER
10.131.101.182,GP_UPS
10.128.82.35,GP_ROUTER
10.131.1.42,BLOCK_UPS
10.131.85.42,GP_UPS
10.131.94.154,GP_UPS
10.128.82.21,GP_ROUTER
10.131.84.242,GP_UPS
10.128.96.29,GP_ROUTER
10.131.94.194,GP_UPS
10.131.95.6,GP_UPS
10.128.82.14,GP_ROUTER
10.131.84.214,GP_UPS
10.128.82.29,GP_ROUTER
10.131.85.18,GP_UPS
10.128.96.65,GP_ROUTER
10.131.95.82,GP_UPS
10.128.96.46,GP_ROUTER
10.128.20.18,GP_ROUTER
10.131.20.18,GP_UPS
10.128.0.61,BLOCK_ROUTER
10.128.0.19,BLOCK_ROUTER
10.131.0.242,BLOCK_UPS
10.131.0.74,BLOCK_UPS
10.128.20.31,GP_ROUTER
10.131.20.70,GP_UPS
10.128.20.54,GP_ROUTER
10.131.20.162,GP_UPS
10.128.20.4,GP_ROUTER
10.131.19.218,GP_UPS
10.128.33.8,GP_ROUTER
10.128.17.10,GP_ROUTER
10.128.20.46,GP_ROUTER
10.131.66.230,GP_UPS
10.131.17.10,GP_UPS
10.131.20.130,GP_UPS
10.128.20.25,GP_ROUTER
10.131.20.46,GP_UPS
10.128.20.30,GP_ROUTER
10.131.20.66,GP_UPS
10.128.33.10,GP_ROUTER
10.128.20.55,GP_ROUTER
10.128.17.11,GP_ROUTER
10.131.20.166,GP_UPS
10.131.66.238,GP_UPS
10.131.17.14,GP_UPS
10.128.20.24,GP_ROUTER
10.131.20.42,GP_UPS
10.128.33.17,GP_ROUTER
10.131.67.10,GP_UPS
10.128.20.28,GP_ROUTER
10.128.20.39,GP_ROUTER
10.131.20.58,GP_UPS
10.131.20.102,GP_UPS
10.128.17.13,GP_ROUTER
10.131.17.22,GP_UPS
10.128.20.43,GP_ROUTER
10.131.20.118,GP_UPS
10.128.20.60,GP_ROUTER
10.131.101.206,GP_UPS
10.128.17.18,GP_ROUTER
10.128.0.12,BLOCK_ROUTER
10.128.20.16,GP_ROUTER
10.131.17.42,GP_UPS
10.131.20.10,GP_UPS
10.128.20.40,GP_ROUTER
10.131.20.106,GP_UPS
10.128.0.16,BLOCK_ROUTER
10.131.0.46,BLOCK_UPS
10.131.0.62,BLOCK_UPS
10.128.20.37,GP_ROUTER
10.131.20.94,GP_UPS
10.128.20.47,GP_ROUTER
10.131.20.134,GP_UPS
10.128.17.19,GP_ROUTER
10.128.29.16,GP_ROUTER
10.131.17.46,GP_UPS
10.131.29.126,GP_UPS
10.128.17.90,GP_ROUTER
10.128.20.61,GP_ROUTER
10.131.99.90,GP_UPS
10.128.20.19,GP_ROUTER
10.131.101.210,GP_UPS
10.131.20.22,GP_UPS
10.128.12.11,GP_ROUTER
10.131.13.106,GP_UPS
10.128.17.20,GP_ROUTER
10.128.17.9,GP_ROUTER
10.131.17.6,GP_UPS
10.131.17.50,GP_UPS
10.128.29.5,GP_ROUTER
10.131.29.82,GP_UPS
10.128.17.21,GP_ROUTER
10.131.17.54,GP_UPS
10.128.12.7,GP_ROUTER
10.128.14.24,GP_ROUTER
10.131.13.90,GP_UPS
10.131.15.30,GP_UPS
10.128.14.3,GP_ROUTER
10.128.17.29,GP_ROUTER
10.131.14.202,GP_UPS
10.128.0.14,BLOCK_ROUTER
10.131.17.86,GP_UPS
10.131.0.54,BLOCK_UPS
10.128.14.37,GP_ROUTER
10.128.12.30,GP_ROUTER
10.131.15.82,GP_UPS
10.131.13.182,GP_UPS
10.128.29.13,GP_ROUTER
10.128.14.6,GP_ROUTER
10.131.14.214,GP_UPS
10.131.29.114,GP_UPS
10.128.14.26,GP_ROUTER
10.131.15.38,GP_UPS
10.128.14.4,GP_ROUTER
10.128.17.31,GP_ROUTER
10.131.17.94,GP_UPS
10.131.14.206,GP_UPS
10.128.29.4,GP_ROUTER
10.131.29.78,GP_UPS
10.128.14.19,GP_ROUTER
10.128.14.36,GP_ROUTER
10.131.15.10,GP_UPS
10.131.15.78,GP_UPS
10.128.12.4,GP_ROUTER
10.131.13.78,GP_UPS
10.128.14.20,GP_ROUTER
10.128.14.38,GP_ROUTER
10.131.15.14,GP_UPS
10.131.15.86,GP_UPS
10.128.29.17,GP_ROUTER
10.131.29.130,GP_UPS
10.128.17.89,GP_ROUTER
10.128.14.2,GP_ROUTER
10.131.99.86,GP_UPS
10.131.14.198,GP_UPS
10.128.14.27,GP_ROUTER
10.128.17.32,GP_ROUTER
10.131.17.98,GP_UPS
10.131.15.42,GP_UPS
10.128.17.88,GP_ROUTER
10.131.99.82,GP_UPS
10.128.29.1,GP_ROUTER
10.128.14.32,GP_ROUTER
10.131.29.66,GP_UPS
10.131.15.62,GP_UPS
10.128.17.85,GP_ROUTER
10.131.18.54,GP_UPS
10.128.14.34,GP_ROUTER
10.131.15.70,GP_UPS
10.128.14.40,GP_ROUTER
10.128.12.37,GP_ROUTER
10.131.15.94,GP_UPS
10.128.29.3,GP_ROUTER
10.131.29.74,GP_UPS
10.131.13.210,GP_UPS
10.128.14.39,GP_ROUTER
10.131.15.90,GP_UPS
10.128.17.34,GP_ROUTER
10.131.17.106,GP_UPS
10.128.12.3,GP_ROUTER
10.128.14.12,GP_ROUTER
10.131.13.74,GP_UPS
10.128.29.8,GP_ROUTER
10.131.14.238,GP_UPS
10.131.29.94,GP_UPS
10.128.14.1,GP_ROUTER
10.131.14.194,GP_UPS
10.128.29.25,GP_ROUTER
10.128.17.35,GP_ROUTER
10.131.29.162,GP_UPS
10.131.17.110,GP_UPS
10.128.14.15,GP_ROUTER
10.131.14.250,GP_UPS
10.128.29.20,GP_ROUTER
10.131.29.142,GP_UPS
10.128.29.24,GP_ROUTER
10.131.29.158,GP_UPS
10.128.29.14,GP_ROUTER
10.131.29.118,GP_UPS
10.128.29.27,GP_ROUTER
10.131.29.170,GP_UPS
10.128.17.36,GP_ROUTER
10.131.17.114,GP_UPS
10.128.29.22,GP_ROUTER
10.131.29.150,GP_UPS
10.128.12.15,GP_ROUTER
10.131.13.122,GP_UPS
10.128.29.10,GP_ROUTER
10.128.17.41,GP_ROUTER
10.131.29.102,GP_UPS
10.131.17.134,GP_UPS
10.128.14.31,GP_ROUTER
10.128.29.23,GP_ROUTER
10.131.15.58,GP_UPS
10.128.12.21,GP_ROUTER
10.128.14.30,GP_ROUTER
10.131.29.154,GP_UPS
10.131.13.146,GP_UPS
10.131.15.54,GP_UPS
10.128.14.17,GP_ROUTER
10.131.15.2,GP_UPS
10.128.14.28,GP_ROUTER
10.128.17.84,GP_ROUTER
10.131.18.50,GP_UPS
10.131.15.46,GP_UPS
10.128.29.6,GP_ROUTER
10.131.29.86,GP_UPS
10.128.12.20,GP_ROUTER
10.131.13.142,GP_UPS
10.128.14.14,GP_ROUTER
10.128.17.73,GP_ROUTER
10.131.14.246,GP_UPS
10.131.18.6,GP_UPS
10.128.14.33,GP_ROUTER
10.131.15.66,GP_UPS
10.128.29.18,GP_ROUTER
10.131.29.134,GP_UPS
10.128.17.83,GP_ROUTER
10.131.18.46,GP_UPS
10.128.17.7,GP_ROUTER
10.131.16.254,GP_UPS
10.128.14.7,GP_ROUTER
10.131.14.218,GP_UPS
10.128.14.41,GP_ROUTER
10.131.98.218,GP_UPS
10.128.14.11,GP_ROUTER
10.131.14.234,GP_UPS
10.128.14.16,GP_ROUTER
10.131.14.254,GP_UPS
10.128.17.65,GP_ROUTER
10.128.14.42,GP_ROUTER
10.131.17.230,GP_UPS
10.131.98.222,GP_UPS
10.128.12.36,GP_ROUTER
10.128.14.13,GP_ROUTER
10.128.14.25,GP_ROUTER
10.131.14.242,GP_UPS
10.131.13.206,GP_UPS
10.131.15.34,GP_UPS
10.128.17.56,GP_ROUTER
10.131.17.194,GP_UPS
10.128.12.28,GP_ROUTER
10.131.13.174,GP_UPS
10.128.12.24,GP_ROUTER
10.131.13.158,GP_UPS
10.128.17.81,GP_ROUTER
10.131.18.38,GP_UPS
10.128.12.35,GP_ROUTER
10.131.13.202,GP_UPS
10.128.17.80,GP_ROUTER
10.131.18.34,GP_UPS
10.128.17.53,GP_ROUTER
10.131.17.182,GP_UPS
10.128.17.78,GP_ROUTER
10.128.17.49,GP_ROUTER
10.131.17.166,GP_UPS
10.131.18.26,GP_UPS
10.128.0.27,BLOCK_ROUTER
10.131.0.106,BLOCK_UPS
10.128.17.46,GP_ROUTER
10.128.17.71,GP_ROUTER
10.131.17.254,GP_UPS
10.131.17.154,GP_UPS
10.128.17.68,GP_ROUTER
10.131.17.242,GP_UPS
10.128.12.1,GP_ROUTER
10.131.13.66,GP_UPS
10.128.17.67,GP_ROUTER
10.131.17.238,GP_UPS
10.128.17.66,GP_ROUTER
10.131.17.234,GP_UPS
10.128.12.12,GP_ROUTER
10.131.13.110,GP_UPS
10.128.17.64,GP_ROUTER
10.131.17.226,GP_UPS
10.128.82.49,GP_ROUTER
10.131.85.98,GP_UPS
10.128.12.13,GP_ROUTER
10.131.13.114,GP_UPS
10.128.17.62,GP_ROUTER
10.131.17.218,GP_UPS
10.128.33.1,GP_ROUTER
10.131.66.202,GP_UPS
10.128.12.10,GP_ROUTER
10.131.13.102,GP_UPS
10.128.17.61,GP_ROUTER
10.131.17.214,GP_UPS
10.131.130.146,ODU
10.131.130.147,RFDevice
10.131.130.148,RFDevice
10.128.12.2,GP_ROUTER
10.128.17.6,GP_ROUTER
10.131.13.70,GP_UPS
10.131.16.250,GP_UPS
10.131.130.150,ODU
10.131.130.151,RFDevice
10.131.130.152,RFDevice
10.128.17.57,GP_ROUTER
10.131.17.198,GP_UPS
10.128.17.91,GP_ROUTER
10.131.99.94,GP_UPS
10.128.17.87,GP_ROUTER
10.131.99.78,GP_UPS
10.128.12.16,GP_ROUTER
10.131.13.126,GP_UPS
10.128.17.55,GP_ROUTER
10.131.17.190,GP_UPS
10.128.17.86,GP_ROUTER
10.131.99.74,GP_UPS
10.128.17.51,GP_ROUTER
10.131.17.174,GP_UPS
10.128.17.27,GP_ROUTER
10.131.17.78,GP_UPS
10.128.17.14,GP_ROUTER
10.131.17.26,GP_UPS
10.128.17.79,GP_ROUTER
10.131.18.30,GP_UPS
10.128.17.28,GP_ROUTER
10.131.17.82,GP_UPS
10.128.17.16,GP_ROUTER
10.128.17.77,GP_ROUTER
10.131.17.34,GP_UPS
10.131.18.22,GP_UPS
10.128.17.50,GP_ROUTER
10.131.17.170,GP_UPS
10.128.17.23,GP_ROUTER
10.128.17.33,GP_ROUTER
10.131.17.62,GP_UPS
10.131.17.102,GP_UPS
10.128.17.76,GP_ROUTER
10.131.18.18,GP_UPS
10.128.17.1,GP_ROUTER
10.128.17.75,GP_ROUTER
10.128.17.38,GP_ROUTER
10.128.17.24,GP_ROUTER
10.131.18.14,GP_UPS
10.131.17.122,GP_UPS
10.131.17.66,GP_UPS
10.128.17.44,GP_ROUTER
10.131.17.146,GP_UPS
10.128.17.25,GP_ROUTER
10.128.17.72,GP_ROUTER
10.131.18.2,GP_UPS
10.131.17.70,GP_UPS
10.128.17.39,GP_ROUTER
10.131.17.126,GP_UPS
10.128.17.43,GP_ROUTER
10.128.17.70,GP_ROUTER
10.131.17.142,GP_UPS
10.131.17.250,GP_UPS
10.128.17.42,GP_ROUTER
10.131.17.138,GP_UPS
10.128.17.5,GP_ROUTER
10.128.17.45,GP_ROUTER
10.131.16.246,GP_UPS
10.131.17.150,GP_UPS
10.128.17.69,GP_ROUTER
10.131.17.246,GP_UPS
10.128.17.48,GP_ROUTER
10.131.17.162,GP_UPS
10.128.17.52,GP_ROUTER
10.131.17.178,GP_UPS
10.128.17.63,GP_ROUTER
10.131.17.222,GP_UPS
10.128.17.40,GP_ROUTER
10.131.17.130,GP_UPS
10.128.17.58,GP_ROUTER
10.128.17.54,GP_ROUTER
10.131.17.202,GP_UPS
10.131.17.186,GP_UPS
10.128.17.60,GP_ROUTER
10.131.17.210,GP_UPS
10.128.17.59,GP_ROUTER
10.128.17.4,GP_ROUTER
10.131.17.206,GP_UPS
10.131.16.242,GP_UPS
10.131.16.230,GP_UPS
10.128.17.37,GP_ROUTER
10.131.17.118,GP_UPS
10.128.17.3,GP_ROUTER
10.131.16.238,GP_UPS
10.128.17.26,GP_ROUTER
10.131.17.74,GP_UPS
10.128.17.22,GP_ROUTER
10.131.17.58,GP_UPS
10.128.17.2,GP_ROUTER
10.131.16.234,GP_UPS
10.128.17.17,GP_ROUTER
10.131.17.38,GP_UPS
10.128.17.12,GP_ROUTER
10.131.17.18,GP_UPS
10.131.131.210,RF
10.131.131.211,RF
10.131.131.212,RF
10.128.8.48,GP_ROUTER
10.131.10.22,GP_UPS
10.128.0.8,BLOCK_ROUTER
10.128.8.104,GP_ROUTER
10.128.8.47,GP_ROUTER
10.131.102.130,GP_UPS
10.131.10.18,GP_UPS
10.128.8.103,GP_ROUTER
10.128.8.43,GP_ROUTER
10.131.102.126,GP_UPS
10.131.10.2,GP_UPS
10.128.8.89,GP_ROUTER
10.131.102.70,GP_UPS
10.128.8.41,GP_ROUTER
10.131.9.250,GP_UPS
10.128.8.102,GP_ROUTER
10.131.0.30,BLOCK_UPS
10.131.102.122,GP_UPS
10.128.8.60,GP_ROUTER
10.128.8.97,GP_ROUTER
10.128.8.39,GP_ROUTER
10.131.102.102,GP_UPS
10.131.9.242,GP_UPS
10.131.10.70,GP_UPS
10.128.8.87,GP_ROUTER
10.128.8.35,GP_ROUTER
10.128.8.101,GP_ROUTER
10.128.8.95,GP_ROUTER
10.131.102.62,GP_UPS
10.131.102.118,GP_UPS
10.131.102.94,GP_UPS
10.131.9.226,GP_UPS
10.128.8.93,GP_ROUTER
10.128.8.10,GP_ROUTER
10.131.9.126,GP_UPS
10.131.102.86,GP_UPS
10.128.8.33,GP_ROUTER
10.131.9.218,GP_UPS
10.128.8.31,GP_ROUTER
10.128.8.82,GP_ROUTER
10.131.9.210,GP_UPS
10.128.8.57,GP_ROUTER
10.128.8.99,GP_ROUTER
10.131.97.26,GP_UPS
10.131.102.110,GP_UPS
10.131.10.58,GP_UPS
10.128.8.92,GP_ROUTER
10.128.8.29,GP_ROUTER
10.131.102.82,GP_UPS
10.131.9.202,GP_UPS
10.128.8.98,GP_ROUTER
10.131.102.106,GP_UPS
10.128.8.91,GP_ROUTER
10.128.8.28,GP_ROUTER
10.131.102.78,GP_UPS
10.131.9.198,GP_UPS
10.128.8.81,GP_ROUTER
10.128.8.84,GP_ROUTER
10.131.97.22,GP_UPS
10.131.102.50,GP_UPS
10.128.8.27,GP_ROUTER
10.131.9.194,GP_UPS
10.128.8.9,GP_ROUTER
10.128.8.56,GP_ROUTER
10.131.9.122,GP_UPS
10.131.10.54,GP_UPS
10.128.8.26,GP_ROUTER
10.128.8.83,GP_ROUTER
10.131.9.190,GP_UPS
10.131.97.34,GP_UPS
10.128.8.8,GP_ROUTER
10.131.9.118,GP_UPS
10.128.8.22,GP_ROUTER
10.131.9.174,GP_UPS
10.128.8.80,GP_ROUTER
10.128.8.88,GP_ROUTER
10.131.97.14,GP_UPS
10.131.102.66,GP_UPS
10.128.8.19,GP_ROUTER
10.131.9.162,GP_UPS
10.128.8.76,GP_ROUTER
10.131.97.2,GP_UPS
10.128.8.16,GP_ROUTER
10.131.9.150,GP_UPS
10.128.8.86,GP_ROUTER
10.128.8.53,GP_ROUTER
10.131.102.58,GP_UPS
10.131.10.42,GP_UPS
10.128.8.79,GP_ROUTER
10.131.97.10,GP_UPS
10.128.8.12,GP_ROUTER
10.131.9.134,GP_UPS
10.128.8.74,GP_ROUTER
10.128.8.85,GP_ROUTER
10.131.102.54,GP_UPS
10.131.10.126,GP_UPS
10.128.8.100,GP_ROUTER
10.131.102.114,GP_UPS
10.128.8.54,GP_ROUTER
10.128.8.50,GP_ROUTER
10.131.10.46,GP_UPS
10.131.10.30,GP_UPS
10.128.8.72,GP_ROUTER
10.131.10.118,GP_UPS
10.128.8.5,GP_ROUTER
10.131.9.106,GP_UPS
10.128.8.52,GP_ROUTER
10.131.10.38,GP_UPS
10.128.8.71,GP_ROUTER
10.131.10.114,GP_UPS
10.128.8.77,GP_ROUTER
10.131.97.30,GP_UPS
10.128.8.46,GP_ROUTER
10.128.8.49,GP_ROUTER
10.131.10.14,GP_UPS
10.131.10.26,GP_UPS
10.128.8.75,GP_ROUTER
10.131.97.18,GP_UPS
10.128.8.70,GP_ROUTER
10.131.10.110,GP_UPS
10.128.8.45,GP_ROUTER
10.128.8.42,GP_ROUTER
10.131.10.10,GP_UPS
10.131.9.254,GP_UPS
10.128.8.7,GP_ROUTER
10.131.9.114,GP_UPS
10.128.8.68,GP_ROUTER
10.128.8.69,GP_ROUTER
10.131.10.102,GP_UPS
10.131.10.106,GP_UPS
10.128.8.40,GP_ROUTER
10.131.9.246,GP_UPS
10.128.8.67,GP_ROUTER
10.128.8.66,GP_ROUTER
10.131.10.94,GP_UPS
10.131.10.98,GP_UPS
10.128.8.44,GP_ROUTER
10.131.10.6,GP_UPS
10.128.8.64,GP_ROUTER
10.131.10.86,GP_UPS
10.128.8.4,GP_ROUTER
10.131.9.102,GP_UPS
10.128.8.65,GP_ROUTER
10.131.10.90,GP_UPS
10.128.8.1,GP_ROUTER
10.131.9.90,GP_UPS
10.128.8.3,GP_ROUTER
10.131.9.98,GP_UPS
10.128.8.21,GP_ROUTER
10.128.8.78,GP_ROUTER
10.131.9.170,GP_UPS
10.131.97.6,GP_UPS
10.128.8.63,GP_ROUTER
10.131.10.82,GP_UPS
10.128.8.62,GP_ROUTER
10.131.10.78,GP_UPS
10.128.8.6,GP_ROUTER
10.131.9.110,GP_UPS
10.128.8.61,GP_ROUTER
10.131.10.74,GP_UPS
10.128.8.38,GP_ROUTER
10.131.9.238,GP_UPS
10.128.8.58,GP_ROUTER
10.131.10.62,GP_UPS
10.128.8.59,GP_ROUTER
10.131.10.66,GP_UPS
10.128.8.36,GP_ROUTER
10.131.9.230,GP_UPS
10.128.8.14,GP_ROUTER
10.131.9.142,GP_UPS
10.128.8.51,GP_ROUTER
10.131.10.34,GP_UPS
10.128.8.34,GP_ROUTER
10.131.9.222,GP_UPS
10.128.8.13,GP_ROUTER
10.131.9.138,GP_UPS
10.128.8.15,GP_ROUTER
10.131.9.146,GP_UPS
10.128.8.11,GP_ROUTER
10.131.9.130,GP_UPS
10.128.8.32,GP_ROUTER
10.131.9.214,GP_UPS
10.128.8.105,GP_ROUTER
10.131.102.134,GP_UPS
10.128.8.30,GP_ROUTER
10.131.9.206,GP_UPS
10.128.8.96,GP_ROUTER
10.131.102.98,GP_UPS
10.128.8.94,GP_ROUTER
10.131.102.90,GP_UPS
10.128.8.25,GP_ROUTER
10.131.9.186,GP_UPS
10.128.8.90,GP_ROUTER
10.131.102.74,GP_UPS
10.128.8.24,GP_ROUTER
10.131.129.210,RFDevice
10.131.9.182,GP_UPS
10.131.129.211,RFDevice
10.128.8.106,GP_ROUTER
10.131.129.212,RFDevice
10.131.102.138,GP_UPS
10.128.8.18,GP_ROUTER
10.131.9.158,GP_UPS
10.131.129.214,RFDevice
10.128.8.20,GP_ROUTER
10.131.9.166,GP_UPS
10.131.129.215,RFDevice
10.131.129.216,RFDevice
10.128.0.201,Amplifier
10.128.17.82,GP_ROUTER
10.131.18.42,GP_UPS
